{
  "A": {
    "B": 3.731478997053952,
    "C": 12.436113138117072
  },
  "B": {
    "D": 12.413348929854099,
    "E": 2.816589171923219
  },
  "D": {
    "G": 12.780451504846429
  },
  "E": {
    "G": 0.20304040810668042
  },
  "C": {
    "F": 4.385324325002601,
    "E": 2.598265199641932
  },
  "F": {
    "G": 2.751289071486183
  }
}